Years,In millions of dollars:,National Defense,Human resources,"Education, Training, Employment, and Social Services",Health,Medicare,Income Security,Social Security,(On-budget),(Off-budget),Veterans Benefits and Services,Physical resources,Energy,Natural Resources and Environment,Commerce and Housing Credit,(On-budget),(Off-budget),Transportation,Community and Regional Development,Net interest,(On-budget),(Off-budget),Other functions,International Affairs,"General Science, Space, and Technology",Agriculture,Administration of Justice,General Government,Allowances,Undistributed offsetting receipts,(On-budget),(Off-budget),"Total, Federal outlays",(On-budget),(Off-budget),As percentages of outlays:,National defense,Human resources,Physical resources,Net interest,Other functions,Undistributed offsetting receipts,"Total, Federal outlays",(On-budget),(Off-budget),As percentages of GDP:,National defense,Human resources,Physical resources,Net interest,Other functions,Undistributed offsetting receipts,"Total, Federal outlays",(On-budget),(Off-budget),* 0.05 percent or less
1940,,"1,660","4,139","1,972",55,..........,"1,514",28,..........,28,570,"2,312",88,997,550,550,..........,392,285,899,941,-42,775,51,..........,369,81,274,..........,-317,-317,..........,"9,468","9,482",-14,,17.5,43.7,24.4,9.5,8.2,-3.4,100.0,100.2,-0.2,,1.7,4.2,2.4,0.9,0.8,-0.3,9.6,9.7,,
1941,,"6,435","4,158","1,592",60,..........,"1,855",91,..........,91,560,"1,782",91,817,398,398,..........,353,123,943,999,-56,882,145,..........,339,92,306,..........,-547,-547,..........,"13,653","13,618",35,,47.1,30.5,13.1,6.9,6.5,-4.0,100.0,99.7,0.3,,5.5,3.6,1.5,0.8,0.8,-0.5,11.7,11.7,,
1942,,"25,658","3,599","1,062",71,..........,"1,828",137,..........,137,501,"3,892",156,819,"1,521","1,521",..........,"1,283",113,"1,052","1,123",-71,"1,830",968,4,344,117,397,..........,-894,-894,..........,"35,137","35,071",66,,73.0,10.2,11.1,3.0,5.2,-2.5,100.0,99.8,0.2,,17.4,2.4,2.6,0.7,1.2,-0.6,23.8,23.7,,
1943,,"66,699","2,659",375,92,..........,"1,739",177,..........,177,276,"6,433",116,726,"2,151","2,151",..........,"3,220",219,"1,529","1,616",-87,"2,457","1,286",1,343,154,673,..........,"-1,221","-1,221",..........,"78,555","78,466",89,,84.9,3.4,8.2,1.9,3.1,-1.6,100.0,99.9,0.1,,36.1,1.4,3.5,0.8,1.3,-0.7,42.6,42.5,,
1944,,"79,143","1,928",160,174,..........,"1,503",217,..........,217,-126,"5,471",65,642,624,624,..........,"3,901",238,"2,219","2,322",-103,"3,864","1,449",48,"1,275",192,900,..........,"-1,320","-1,320",..........,"91,304","91,190",114,,86.7,2.1,6.0,2.4,4.2,-1.4,100.0,99.9,0.1,,37.0,0.9,2.6,1.0,1.8,-0.6,42.7,42.7,0.1,
1945,,"82,965","1,859",134,211,..........,"1,137",267,..........,267,110,"1,747",25,455,"-2,630","-2,630",..........,"3,654",243,"3,112","3,236",-124,"4,418","1,913",111,"1,635",178,581,..........,"-1,389","-1,389",..........,"92,712","92,569",143,,89.5,2.0,1.9,3.4,4.8,-1.5,100.0,99.8,0.2,,36.6,0.8,0.8,1.4,2.0,-0.6,41.0,40.9,0.1,
1946,,"42,681","5,493",85,201,..........,"2,384",358,..........,358,"2,465",836,41,482,"-1,857","-1,857",..........,"1,970",200,"4,111","4,259",-148,"3,580","1,935",34,610,176,825,..........,"-1,468","-1,468",..........,"55,232","55,022",210,,77.3,9.9,1.5,7.4,6.5,-2.7,100.0,99.6,0.4,,18.7,2.4,0.4,1.8,1.6,-0.6,24.2,24.1,0.1,
1947,,"12,808","9,909",102,177,..........,"2,820",466,..........,466,"6,344","1,227",18,700,-923,-923,..........,"1,130",302,"4,204","4,367",-163,"7,900","5,791",5,814,176,"1,114",..........,"-1,552","-1,552",..........,"34,496","34,193",303,,37.1,28.7,3.6,12.2,22.9,-4.5,100.0,99.1,0.9,,5.4,4.1,0.5,1.8,3.3,-0.6,14.4,14.3,0.1,
1948,,"9,105","9,868",191,162,..........,"2,499",558,..........,558,"6,457","2,243",292,780,306,306,..........,787,78,"4,341","4,532",-191,"5,851","4,566",1,69,170,"1,045",..........,"-1,643","-1,643",..........,"29,764","29,396",368,,30.6,33.2,7.5,14.6,19.7,-5.5,100.0,98.8,1.2,,3.5,3.8,0.9,1.7,2.2,-0.6,11.4,11.2,0.1,
1949,,"13,150","10,805",178,197,..........,"3,174",657,..........,657,"6,599","3,104",341,"1,080",800,800,..........,916,-33,"4,523","4,753",-230,"9,032","6,052",48,"1,924",184,824,..........,"-1,779","-1,779",..........,"38,835","38,408",427,,33.9,27.8,8.0,11.6,23.3,-4.6,100.0,98.9,1.1,,4.8,3.9,1.1,1.6,3.3,-0.6,14.0,13.9,0.2,
1950,,"13,724","14,221",241,268,..........,"4,097",781,..........,781,"8,834","3,667",327,"1,308","1,035","1,035",..........,967,30,"4,812","5,069",-257,"7,955","4,673",55,"2,049",193,986,..........,"-1,817","-1,817",..........,"42,562","42,038",524,,32.2,33.4,8.6,11.3,18.7,-4.3,100.0,98.8,1.2,,4.9,5.1,1.3,1.7,2.9,-0.7,15.3,15.1,0.2,
1951,,"23,566","11,001",235,323,..........,"3,352","1,565",..........,"1,565","5,526","3,924",383,"1,310","1,228","1,228",..........,956,47,"4,665","4,952",-287,"4,690","3,647",51,-323,218,"1,097",..........,"-2,332","-2,332",..........,"45,514","44,237","1,277",,51.8,24.2,8.6,10.2,10.3,-5.1,100.0,97.2,2.8,,7.2,3.4,1.2,1.4,1.4,-0.7,13.9,13.5,0.4,
1952,,"46,089","11,745",339,347,..........,"3,655","2,063",..........,"2,063","5,341","4,182",474,"1,233","1,278","1,278",..........,"1,124",73,"4,701","5,035",-334,"4,346","2,691",49,176,267,"1,163",..........,"-3,377","-3,377",..........,"67,686","65,956","1,730",,68.1,17.4,6.2,6.9,6.4,-5.0,100.0,97.4,2.6,,12.9,3.3,1.2,1.3,1.2,-0.9,19.0,18.5,0.5,
1953,,"52,802","11,836",441,336,..........,"3,823","2,717",..........,"2,717","4,519","4,005",425,"1,289",910,910,..........,"1,264",117,"5,156","5,543",-387,"5,873","2,119",49,"2,253",243,"1,209",..........,"-3,571","-3,571",..........,"76,101","73,771","2,330",,69.4,15.6,5.3,6.8,7.7,-4.7,100.0,96.9,3.1,,13.8,3.1,1.0,1.3,1.5,-0.9,19.9,19.3,0.6,
1954,,"49,266","13,076",370,307,..........,"4,434","3,352",..........,"3,352","4,613","2,584",432,"1,007",-184,-184,..........,"1,229",100,"4,811","5,250",-439,"4,515","1,596",46,"1,817",257,799,..........,"-3,397","-3,396",-1,"70,855","67,943","2,912",,69.5,18.5,3.6,6.8,6.4,-4.8,100.0,95.9,4.1,,12.7,3.4,0.7,1.2,1.2,-0.9,18.3,17.5,0.8,
1955,,"42,729","14,908",445,291,..........,"5,071","4,427",..........,"4,427","4,675","2,732",325,940,92,92,..........,"1,246",129,"4,850","5,288",-438,"6,718","2,223",74,"3,514",256,651,..........,"-3,493","-3,487",-6,"68,444","64,461","3,983",,62.4,21.8,4.0,7.1,9.8,-5.1,100.0,94.2,5.8,,10.5,3.7,0.7,1.2,1.7,-0.9,16.8,15.9,1.0,
1956,,"42,523","16,052",591,359,..........,"4,734","5,478",..........,"5,478","4,891","3,092",174,870,506,506,..........,"1,450",92,"5,079","5,567",-487,"7,482","2,414",79,"3,486",302,"1,201",..........,"-3,589","-3,571",-18,"70,640","65,668","4,972",,60.2,22.7,4.4,7.2,10.6,-5.1,100.0,93.0,7.0,,9.7,3.7,0.7,1.2,1.7,-0.8,16.1,15.0,1.1,
1957,,"45,430","18,161",590,479,..........,"5,427","6,661",..........,"6,661","5,005","4,559",240,"1,098","1,424","1,424",..........,"1,662",135,"5,354","5,910",-557,"7,220","3,147",122,"2,288",303,"1,360",..........,"-4,146","-4,058",-88,"76,578","70,562","6,016",,59.3,23.7,6.0,7.0,9.4,-5.4,100.0,92.1,7.9,,9.8,3.9,1.0,1.2,1.6,-0.9,16.5,15.2,1.3,
1958,,"46,815","22,288",643,541,..........,"7,535","8,219",..........,"8,219","5,350","5,188",348,"1,407",930,930,..........,"2,334",169,"5,604","6,175",-571,"6,896","3,364",141,"2,411",325,655,..........,"-4,385","-4,240",-145,"82,405","74,902","7,503",,56.8,27.0,6.3,6.8,8.4,-5.3,100.0,90.9,9.1,,9.9,4.7,1.1,1.2,1.5,-0.9,17.4,15.8,1.6,
1959,,"49,015","24,892",789,685,..........,"8,239","9,737",..........,"9,737","5,443","7,813",382,"1,632","1,933","1,933",..........,"3,655",211,"5,762","6,338",-576,"9,229","3,144",294,"4,509",356,926,..........,"-4,613","-4,449",-164,"92,098","83,102","8,996",,53.2,27.0,8.5,6.3,10.0,-5.0,100.0,90.2,9.8,,9.7,4.9,1.5,1.1,1.8,-0.9,18.3,16.5,1.8,
1960,,"48,130","26,184",968,795,..........,"7,378","11,602",..........,"11,602","5,441","7,991",464,"1,559","1,618","1,618",..........,"4,126",224,"6,947","7,511",-563,"7,760","2,988",599,"2,623",366,"1,184",..........,"-4,820","-4,632",-188,"92,191","81,341","10,850",,52.2,28.4,8.7,7.5,8.4,-5.2,100.0,88.2,11.8,,9.0,4.9,1.5,1.3,1.5,-0.9,17.3,15.2,2.0,
1961,,"49,601","29,838","1,063",913,..........,"9,683","12,474",..........,"12,474","5,705","7,754",510,"1,779","1,203","1,203",..........,"3,987",275,"6,716","7,307",-591,"8,621","3,184","1,042","2,641",400,"1,354",..........,"-4,807","-4,601",-206,"97,723","86,046","11,677",,50.8,30.5,7.9,6.9,8.8,-4.9,100.0,88.1,11.9,,9.1,5.5,1.4,1.2,1.6,-0.9,17.9,15.7,2.1,
1962,,"52,345","31,630","1,241","1,198",..........,"9,207","14,365",..........,"14,365","5,619","8,831",604,"2,044","1,424","1,424",..........,"4,290",469,"6,889","7,498",-609,"12,401","5,639","1,723","3,562",429,"1,049",..........,"-5,274","-5,053",-221,"106,821","93,286","13,535",,49.0,29.6,8.3,6.4,11.6,-4.9,100.0,87.3,12.7,,8.9,5.4,1.5,1.2,2.1,-0.9,18.2,15.9,2.3,
1963,,"53,400","33,522","1,458","1,451",..........,"9,311","15,788",..........,"15,788","5,514","8,013",530,"2,251",62,62,..........,"4,596",574,"7,740","8,322",-582,"14,437","5,308","3,051","4,384",465,"1,230",..........,"-5,797","-5,555",-242,"111,316","96,352","14,964",,48.0,30.1,7.2,7.0,13.0,-5.2,100.0,86.6,13.4,,8.6,5.4,1.3,1.3,2.3,-0.9,18.0,15.6,2.4,
1964,,"54,757","35,294","1,555","1,788",..........,"9,657","16,620",..........,"16,620","5,675","9,528",572,"2,364",418,418,..........,"5,242",933,"8,199","8,805",-607,"16,458","4,945","4,897","4,609",489,"1,518",..........,"-5,708","-5,429",-279,"118,528","102,794","15,734",,46.2,29.8,8.0,6.9,13.9,-4.8,100.0,86.7,13.3,,8.3,5.3,1.4,1.2,2.5,-0.9,17.9,15.5,2.4,
1965,,"50,620","36,576","2,140","1,791",..........,"9,469","17,460",..........,"17,460","5,716","11,264",699,"2,531","1,157","1,157",..........,"5,763","1,114","8,591","9,239",-648,"17,086","5,273","5,823","3,954",536,"1,499",..........,"-5,908","-5,626",-282,"118,228","101,699","16,529",,42.8,30.9,9.5,7.3,14.5,-5.0,100.0,86.0,14.0,,7.1,5.2,1.6,1.2,2.4,-0.8,16.7,14.3,2.3,
1966,,"58,111","43,257","4,363","2,543",64,"9,678","20,694",..........,"20,694","5,916","13,410",612,"2,719","3,245","3,245",..........,"5,730","1,105","9,386","10,028",-642,"16,911","5,580","6,717","2,447",564,"1,603",..........,"-6,542","-6,205",-337,"134,532","114,817","19,715",,43.2,32.2,10.0,7.0,12.6,-4.9,100.0,85.3,14.7,,7.4,5.5,1.7,1.2,2.2,-0.8,17.2,14.7,2.5,
1967,,"71,417","51,272","6,453","3,351","2,748","10,261","21,725",94,"21,631","6,735","14,674",782,"2,869","3,979","3,979",..........,"5,936","1,108","10,268","11,060",-792,"17,126","5,566","6,233","2,990",618,"1,719",..........,"-7,294","-6,879",-415,"157,464","137,040","20,424",,45.4,32.6,9.3,6.5,10.9,-4.6,100.0,87.0,13.0,,8.5,6.1,1.8,1.2,2.0,-0.9,18.8,16.4,2.4,
1968,,"81,926","59,375","7,634","4,390","4,649","11,816","23,854",94,"23,760","7,032","16,002","1,037","2,988","4,280","4,280",..........,"6,316","1,382","11,090","12,069",-979,"17,786","5,301","5,524","4,544",659,"1,757",..........,"-8,045","-7,600",-445,"178,134","155,798","22,336",,46.0,33.3,9.0,6.2,10.0,-4.5,100.0,87.5,12.5,,9.1,6.6,1.8,1.2,2.0,-0.9,19.8,17.4,2.5,
1969,,"82,497","66,410","7,548","5,162","5,695","13,076","27,298",414,"26,885","7,631","11,869","1,010","2,900",-119,-119,..........,"6,526","1,552","12,699","13,848","-1,149","18,151","4,600","5,020","5,826",766,"1,939",..........,"-7,986","-7,454",-532,"183,640","158,436","25,204",,44.9,36.2,6.5,6.9,9.9,-4.3,100.0,86.3,13.7,,8.4,6.8,1.2,1.3,1.9,-0.8,18.7,16.2,2.6,
1970,,"81,692","75,349","8,634","5,907","6,213","15,655","30,270",458,"29,812","8,669","15,574",997,"3,065","2,112","2,112",..........,"7,008","2,392","14,380","15,948","-1,568","17,286","4,330","4,511","5,166",959,"2,320",..........,"-8,632","-7,995",-637,"195,649","168,042","27,607",,41.8,38.5,8.0,7.4,8.8,-4.4,100.0,85.9,14.1,,7.8,7.2,1.5,1.4,1.7,-0.8,18.7,16.1,2.6,
1971,,"78,872","91,901","9,849","6,843","6,622","22,946","35,872",465,"35,408","9,768","18,286","1,035","3,915","2,366","2,366",..........,"8,052","2,917","14,841","16,783","-1,942","16,379","4,159","4,182","4,290","1,307","2,442",..........,"-10,107","-9,467",-640,"210,172","177,346","32,826",,37.5,43.7,8.7,7.1,7.8,-4.8,100.0,84.4,15.6,,7.1,8.2,1.6,1.3,1.5,-0.9,18.8,15.9,2.9,
1972,,"79,174","107,211","12,529","8,674","7,479","27,650","40,157",538,"39,620","10,720","19,574","1,296","4,241","2,222","1,867",355,"8,392","3,423","15,478","17,584","-2,106","18,828","4,781","4,175","5,227","1,684","2,960",..........,"-9,583","-8,926",-657,"230,681","193,470","37,212",,34.3,46.5,8.5,6.7,8.2,-4.2,100.0,83.9,16.1,,6.5,8.8,1.6,1.3,1.5,-0.8,19.0,15.9,3.1,
1973,,"76,681","119,522","12,744","9,356","8,052","28,278","49,090",526,"48,565","12,003","20,614","1,237","4,775",931,774,157,"9,066","4,605","17,349","19,629","-2,280","24,950","4,149","4,032","4,821","2,174","9,774",..........,"-13,409","-12,714",-695,"245,707","199,961","45,746",,31.2,48.6,8.4,7.1,10.2,-5.5,100.0,81.4,18.6,,5.7,8.8,1.5,1.3,1.8,-1.0,18.2,14.8,3.4,
1974,,"79,347","135,783","12,455","10,733","9,639","33,714","55,867",494,"55,373","13,374","25,106","1,303","5,697","4,705","3,932",773,"9,172","4,229","21,449","23,969","-2,520","24,423","5,710","3,980","2,194","2,505","10,032",..........,"-16,749","-15,985",-764,"269,359","216,496","52,862",,29.5,50.4,9.3,8.0,9.1,-6.2,100.0,80.4,19.6,,5.4,9.2,1.7,1.4,1.6,-1.1,18.2,14.6,3.6,
1975,,"86,509","173,245","16,022","12,930","12,875","50,176","64,658",499,"64,159","16,584","35,449","2,916","7,346","9,947","8,835","1,112","10,918","4,322","23,244","26,047","-2,803","27,487","7,097","3,991","2,997","3,028","10,374",..........,"-13,602","-12,686",-916,"332,332","270,780","61,552",,26.0,52.1,10.7,7.0,8.3,-4.1,100.0,81.5,18.5,,5.4,10.8,2.2,1.4,1.7,-0.8,20.7,16.9,3.8,
1976,,"89,619","203,594","18,910","15,734","15,834","60,799","73,899",515,"73,384","18,419","39,188","4,204","8,184","7,619","6,534","1,085","13,739","5,442","26,727","29,539","-2,812","27,050","6,433","4,373","3,109","3,430","9,706",..........,"-14,386","-13,423",-963,"371,792","301,098","70,695",,24.1,54.8,10.5,7.2,7.3,-3.9,100.0,81.0,19.0,,5.0,11.4,2.2,1.5,1.5,-0.8,20.8,16.9,4.0,
TQ,,"22,269","52,065","5,169","3,924","4,264","14,985","19,763",..........,"19,763","3,960","9,512","1,129","2,524",931,"1,657",-726,"3,358","1,569","6,949","7,042",-93,"9,388","2,458","1,162",972,918,"3,878",..........,"-4,206","-3,957",-249,"95,975","77,281","18,695",,23.2,54.2,9.9,7.2,9.8,-4.4,100.0,80.5,19.5,,4.7,11.0,2.0,1.5,2.0,-0.9,20.3,16.4,4.0,
1977,,"97,241","221,895","21,104","17,302","19,345","61,060","85,061",717,"84,344","18,022","40,746","5,770","10,032","3,093","3,266",-173,"14,829","7,021","29,901","32,551","-2,650","34,315","6,353","4,736","6,734","3,701","12,791",..........,"-14,879","-13,902",-977,"409,218","328,675","80,543",,23.8,54.2,10.0,7.3,8.4,-3.6,100.0,80.3,19.7,,4.8,11.0,2.0,1.5,1.7,-0.7,20.2,16.2,4.0,
1978,,"104,495","242,329","26,706","18,524","22,768","61,509","93,861",741,"93,120","18,961","52,590","7,991","10,983","6,254","6,750",-496,"15,521","11,841","35,458","37,860","-2,403","39,594","7,482","4,926","11,301","3,923","11,961",..........,"-15,720","-14,660","-1,060","458,746","369,585","89,161",,22.8,52.8,11.5,7.7,8.6,-3.4,100.0,80.6,19.4,,4.6,10.7,2.3,1.6,1.7,-0.7,20.2,16.3,3.9,
1979,,"116,342","267,574","30,218","20,494","26,495","66,382","104,073",757,"103,316","19,914","54,559","9,179","12,135","4,686","5,577",-891,"18,079","10,480","42,633","44,857","-2,224","40,396","7,459","5,234","11,176","4,286","12,241",..........,"-17,476","-16,362","-1,114","504,028","404,941","99,087",,23.1,53.1,10.8,8.5,8.0,-3.5,100.0,80.3,19.7,,4.5,10.4,2.1,1.7,1.6,-0.7,19.6,15.8,3.9,
1980,,"133,995","313,374","31,835","23,169","32,090","86,565","118,547",675,"117,872","21,169","65,985","10,156","13,858","9,390","9,821",-431,"21,329","11,252","52,533","54,872","-2,339","44,996","12,714","5,831","8,774","4,702","12,975",..........,"-19,942","-18,738","-1,204","590,941","477,044","113,898",,22.7,53.0,11.2,8.9,7.6,-3.4,100.0,80.7,19.3,,4.8,11.2,2.4,1.9,1.6,-0.7,21.2,17.1,4.1,
1981,,"157,513","362,022","33,146","26,866","39,149","100,304","139,584",670,"138,914","22,973","70,886","15,166","13,568","8,206","8,117",89,"23,379","10,568","68,766","71,054","-2,288","47,095","13,104","6,468","11,241","4,908","11,373",..........,"-28,041","-26,611","-1,430","678,241","542,956","135,285",,23.2,53.4,10.5,10.1,6.9,-4.1,100.0,80.1,19.9,,5.0,11.6,2.3,2.2,1.5,-0.9,21.6,17.3,4.3,
1982,,"185,309","388,681","26,609","27,445","46,567","108,158","155,964",844,"155,120","23,938","61,752","13,527","12,998","6,256","6,809",-553,"20,625","8,347","85,032","87,102","-2,071","51,068","12,300","7,199","15,866","4,842","10,861",..........,"-26,099","-24,453","-1,646","745,743","594,892","150,851",,24.8,52.1,8.3,11.4,6.8,-3.5,100.0,79.8,20.2,,5.6,11.7,1.9,2.6,1.5,-0.8,22.5,18.0,4.6,
1983,,"209,903","426,011","26,194","28,641","52,588","123,041","170,724","19,993","150,731","24,824","57,603","9,353","12,672","6,681","6,359",322,"21,334","7,564","89,808","91,653","-1,845","59,015","11,848","7,934","22,807","5,246","11,181",..........,"-33,976","-32,198","-1,778","808,364","660,934","147,430",,26.0,52.7,7.1,11.1,7.3,-4.2,100.0,81.8,18.2,,5.9,12.0,1.6,2.5,1.7,-1.0,22.9,18.7,4.2,
1984,,"227,411","432,076","26,916","30,417","57,540","113,405","178,223","7,056","171,167","25,575","57,960","7,073","12,586","6,959","6,599",360,"23,669","7,673","111,102","114,411","-3,310","55,214","15,869","8,311","13,477","5,811","11,746",..........,"-31,957","-29,913","-2,044","851,805","685,632","166,173",,26.7,50.7,6.8,13.0,6.5,-3.8,100.0,80.5,19.5,,5.8,10.9,1.5,2.8,1.4,-0.8,21.6,17.4,4.2,
1985,,"252,743","471,859","28,589","33,541","65,822","129,032","188,623","5,189","183,434","26,251","56,804","5,608","13,345","4,337","4,195",142,"25,838","7,676","129,478","133,595","-4,118","68,160","16,169","8,622","25,427","6,426","11,515",..........,"-32,698","-30,189","-2,509","946,344","769,396","176,949",,26.7,49.9,6.0,13.7,7.2,-3.5,100.0,81.3,18.7,,5.9,11.1,1.3,3.0,1.6,-0.8,22.2,18.0,4.1,
1986,,"273,373","481,625","29,773","35,933","70,164","120,685","198,756","8,072","190,684","26,314","58,722","4,690","13,628","5,058","5,016",42,"28,113","7,233","136,017","140,346","-4,329","73,652","14,146","8,962","31,319","6,735","12,491",..........,"-33,007","-30,150","-2,857","990,382","806,842","183,540",,27.6,48.6,5.9,13.7,7.4,-3.3,100.0,81.5,18.5,,6.0,10.6,1.3,3.0,1.6,-0.7,21.9,17.8,4.1,
1987,,"281,996","502,220","28,918","39,964","75,120","124,137","207,352","4,930","202,422","26,729","55,132","4,072","13,355","6,434","5,492",943,"26,222","5,049","138,611","143,901","-5,290","62,513","11,645","9,200","26,466","7,715","7,487",..........,"-36,455","-33,155","-3,300","1,004,017","809,243","194,774",,28.1,50.0,5.5,13.8,6.2,-3.6,100.0,80.6,19.4,,5.9,10.5,1.2,2.9,1.3,-0.8,21.1,17.0,4.1,
1988,,"290,360","533,426","30,928","44,483","78,878","130,430","219,341","4,852","214,489","29,367","68,625","2,296","14,601","19,163","17,451","1,712","27,272","5,293","151,803","159,219","-7,416","57,169","10,466","10,820","17,088","9,397","9,399",..........,"-36,967","-32,585","-4,382","1,064,416","860,012","204,404",,27.3,50.1,6.4,14.3,5.4,-3.5,100.0,80.8,19.2,,5.7,10.4,1.3,3.0,1.1,-0.7,20.7,16.7,4.0,
1989,,"303,555","568,803","35,325","48,380","84,964","137,589","232,542","5,069","227,473","30,003","81,553","2,705","16,169","29,709","30,019",-310,"27,608","5,362","168,981","180,376","-11,395","58,063","9,583","12,821","16,698","9,644","9,317",..........,"-37,212","-32,354","-4,858","1,143,743","932,832","210,911",,26.5,49.7,7.1,14.8,5.1,-3.3,100.0,81.6,18.4,,5.5,10.2,1.5,3.0,1.0,-0.7,20.6,16.8,3.8,
1990,,"299,321","619,463","37,167","57,699","98,102","148,838","248,623","3,625","244,998","29,034","126,011","3,341","17,055","67,599","65,973","1,626","29,485","8,531","184,347","200,338","-15,991","60,468","13,758","14,426","11,637","10,185","10,462",..........,"-36,615","-31,048","-5,567","1,252,993","1,027,928","225,065",,23.9,49.4,10.1,14.7,4.8,-2.9,100.0,82.0,18.0,,5.1,10.5,2.1,3.1,1.0,-0.6,21.2,17.4,3.8,
1991,,"273,285","689,810","41,231","71,168","104,489","172,633","269,014","2,619","266,395","31,275","135,159","2,436","18,544","76,270","74,953","1,317","31,099","6,810","194,448","214,670","-20,222","70,879","15,846","16,092","14,886","12,486","11,568",..........,"-39,356","-33,553","-5,804","1,324,226","1,082,539","241,687",,20.6,52.1,10.2,14.7,5.4,-3.0,100.0,81.7,18.3,,4.5,11.3,2.2,3.2,1.2,-0.6,21.7,17.8,4.0,
1992,,"298,346","772,599","42,735","89,486","119,024","199,732","287,584","6,166","281,418","34,037","75,586","4,499","20,001","10,918","10,260",659,"33,332","6,836","199,344","222,981","-23,637","74,934","16,090","16,389","14,922","14,650","12,883",..........,"-39,280","-33,179","-6,101","1,381,529","1,129,191","252,338",,21.6,55.9,5.5,14.4,5.4,-2.8,100.0,81.7,18.3,,4.6,12.0,1.2,3.1,1.2,-0.6,21.5,17.6,3.9,
1993,,"291,084","827,691","47,374","99,401","130,552","210,137","304,585","6,236","298,349","35,642","46,841","4,319","20,224","-21,853","-23,294","1,441","35,004","9,146","198,713","225,501","-26,788","82,443","17,218","17,006","20,081","15,193","12,944",..........,"-37,386","-30,970","-6,416","1,409,386","1,142,799","266,587",,20.7,58.7,3.3,14.1,5.8,-2.7,100.0,81.1,18.9,,4.3,12.2,0.7,2.9,1.2,-0.6,20.8,16.9,3.9,
1994,,"281,640","869,550","43,281","107,107","144,747","217,290","319,565","5,683","313,881","37,559","70,677","5,218","21,000","-4,228","-5,331","1,103","38,066","10,620","202,932","232,135","-29,203","74,725","17,067","16,189","14,795","15,516","11,159",..........,"-37,772","-31,362","-6,409","1,461,752","1,182,380","279,372",,19.3,59.5,4.8,13.9,5.1,-2.6,100.0,80.9,19.1,,3.9,12.1,1.0,2.8,1.0,-0.5,20.4,16.5,3.9,
1995,,"272,063","923,788","51,020","115,399","159,855","223,806","335,846","5,476","330,370","37,862","59,113","4,936","21,889","-17,808","-15,839","-1,969","39,350","10,746","232,134","265,439","-33,305","73,099","16,429","16,692","9,671","16,508","13,799",..........,"-44,455","-38,023","-6,432","1,515,742","1,227,078","288,664",,17.9,60.9,3.9,15.3,4.8,-2.9,100.0,81.0,19.0,,3.6,12.2,0.8,3.1,1.0,-0.6,20.0,16.2,3.8,
1996,,"265,748","958,274","48,311","119,365","174,225","229,746","349,671","5,802","343,869","36,956","64,170","2,839","21,503","-10,478","-10,298",-180,"39,565","10,741","241,053","277,560","-36,507","68,859","13,487","16,684","9,035","17,898","11,755",..........,"-37,620","-31,342","-6,278","1,560,484","1,259,580","300,904",,17.0,61.4,4.1,15.4,4.4,-2.4,100.0,80.7,19.3,,3.3,12.1,0.8,3.0,0.9,-0.5,19.6,15.8,3.8,
1997,,"270,502","1,002,389","48,972","123,832","190,016","235,035","365,251","6,879","358,372","39,283","59,852","1,475","21,201","-14,640","-14,591",-49,"40,767","11,049","243,984","285,198","-41,214","74,362","15,173","17,136","8,889","20,617","12,547",..........,"-49,973","-43,490","-6,483","1,601,116","1,290,490","310,626",,16.9,62.6,3.7,15.2,4.6,-3.1,100.0,80.6,19.4,,3.2,11.9,0.7,2.9,0.9,-0.6,18.9,15.3,3.7,
1998,,"268,194","1,033,465","50,512","131,425","192,822","237,750","379,215","9,146","370,069","41,741","74,669","1,270","22,278","1,007",790,217,"40,343","9,771","241,118","287,748","-46,630","82,206","13,054","18,172","12,077","23,359","15,544",..........,"-47,194","-40,142","-7,052","1,652,458","1,335,854","316,604",,16.2,62.5,4.5,14.6,5.0,-2.9,100.0,80.8,19.2,,3.0,11.6,0.8,2.7,0.9,-0.5,18.5,15.0,3.5,
1999,,"274,769","1,057,770","50,605","141,048","190,447","242,478","390,037","10,824","379,213","43,155","81,892",911,"23,943","2,641","1,620","1,021","42,532","11,865","229,755","281,826","-52,071","98,101","15,239","18,084","22,879","26,536","15,363",..........,"-40,445","-33,060","-7,385","1,701,842","1,381,064","320,778",,16.1,62.2,4.8,13.5,5.8,-2.4,100.0,81.2,18.8,,2.9,11.2,0.9,2.4,1.0,-0.4,18.0,14.6,3.4,
2000,,"294,363","1,115,517","53,764","154,504","197,113","253,724","409,423","13,254","396,169","46,989","84,925",-761,"25,003","3,207","1,178","2,029","46,853","10,623","222,949","282,745","-59,796","113,777","17,213","18,594","36,458","28,499","13,013",..........,"-42,581","-34,944","-7,637","1,788,950","1,458,185","330,765",,16.5,62.4,4.7,12.5,6.4,-2.4,100.0,81.5,18.5,,2.9,11.0,0.8,2.2,1.1,-0.4,17.7,14.4,3.3,
2001,,"304,732","1,194,417","57,094","172,233","217,384","269,774","432,958","11,701","421,257","44,974","97,492",9,"25,532","5,731","3,429","2,302","54,447","11,773","206,167","274,978","-68,811","107,049","16,485","19,753","26,252","30,201","14,358",..........,"-47,011","-39,101","-7,910","1,862,846","1,516,008","346,838",,16.4,64.1,5.2,11.1,5.7,-2.5,100.0,81.4,18.6,,2.9,11.3,0.9,2.0,1.0,-0.4,17.7,14.4,3.3,
2002,,"348,456","1,317,547","70,566","196,497","230,855","312,720","455,980","13,969","442,011","50,929","104,308",475,"29,426",-407,244,-651,"61,833","12,981","170,949","247,769","-76,820","117,026","22,315","20,734","21,965","35,061","16,951",..........,"-47,392","-38,514","-8,878","2,010,894","1,655,232","355,662",,17.3,65.5,5.2,8.5,5.8,-2.4,100.0,82.3,17.7,,3.2,12.2,1.0,1.6,1.1,-0.4,18.6,15.3,3.3,
2003,,"404,733","1,417,857","82,587","219,541","249,433","334,632","474,680","13,279","461,401","56,984","115,588",-725,"29,667",727,"5,972","-5,245","67,069","18,850","153,073","236,618","-83,545","123,030","21,199","20,831","22,496","35,340","23,164",..........,"-54,382","-44,780","-9,602","2,159,899","1,796,890","363,009",,18.7,65.6,5.4,7.1,5.7,-2.5,100.0,83.2,16.8,,3.6,12.6,1.0,1.4,1.1,-0.5,19.1,15.9,3.2,
2004,,"455,813","1,485,809","87,974","240,122","269,360","333,059","495,548","14,348","481,200","59,746","116,259",-147,"30,694","5,265","9,395","-4,130","64,627","15,820","160,245","246,473","-86,228","133,252","26,870","23,029","15,439","45,576","22,338",..........,"-58,537","-47,206","-11,331","2,292,841","1,913,330","379,511",,19.9,64.8,5.1,7.0,5.8,-2.6,100.0,83.4,16.6,,3.8,12.4,1.0,1.3,1.1,-0.5,19.1,15.9,3.2,
2005,,"495,294","1,586,013","97,555","250,548","298,638","345,847","523,305","16,526","506,779","70,120","130,145",440,"27,983","7,566","9,357","-1,791","67,894","26,262","183,986","275,822","-91,836","141,743","34,565","23,597","26,565","40,019","16,997",..........,"-65,224","-54,283","-10,941","2,471,957","2,069,746","402,211",,20.0,64.2,5.3,7.4,5.7,-2.6,100.0,83.7,16.3,,3.9,12.4,1.0,1.4,1.1,-0.5,19.3,16.1,3.1,
2006,,"521,820","1,671,926","118,482","252,739","329,868","352,477","548,549","16,058","532,491","69,811","164,706",785,"33,025","6,187","7,262","-1,075","70,244","54,465","226,603","324,325","-97,722","138,245","29,499","23,584","25,969","41,016","18,177",..........,"-68,250","-56,625","-11,625","2,655,050","2,232,981","422,069",,19.7,63.0,6.2,8.5,5.2,-2.6,100.0,84.1,15.9,,3.8,12.3,1.2,1.7,1.0,-0.5,19.5,16.4,3.1,
2007,,"551,258","1,758,391","91,656","266,382","375,407","365,975","586,153","19,307","566,846","72,818","133,828",-852,"31,721",487,"-4,606","5,093","72,905","29,567","237,109","343,112","-106,003","130,338","28,482","24,407","17,662","42,362","17,425",..........,"-82,238","-69,939","-12,299","2,728,686","2,275,049","453,637",,20.2,64.4,4.9,8.7,4.8,-3.0,100.0,83.4,16.6,,3.9,12.3,0.9,1.7,0.9,-0.6,19.1,15.9,3.2,
2008,,"616,066","1,895,637","91,287","280,599","390,758","431,313","617,027","17,830","599,197","84,653","161,889",631,"31,820","27,870","25,453","2,417","77,616","23,952","252,757","366,475","-113,718","142,437","28,857","26,773","18,387","48,097","20,323",..........,"-86,242","-73,097","-13,145","2,982,544","2,507,793","474,751",,20.7,63.6,5.4,8.5,4.8,-2.9,100.0,84.1,15.9,,4.2,12.9,1.1,1.7,1.0,-0.6,20.2,17.0,3.2,
2009,,"661,012","2,155,793","79,749","334,335","430,093","533,224","682,963","34,071","648,892","95,429","443,828","4,755","35,573","291,535","291,231",304,"84,289","27,676","186,902","304,856","-117,954","162,781","37,529","28,417","22,237","52,581","22,017",..........,"-92,639","-78,413","-14,226","3,517,677","3,000,661","517,016",,18.8,61.3,12.6,5.3,4.6,-2.6,100.0,85.3,14.7,,4.6,14.9,3.1,1.3,1.1,-0.6,24.4,20.8,3.6,
2010,,"693,485","2,386,633","128,598","369,068","451,636","622,210","706,737","23,317","683,420","108,384","88,835","11,618","43,667","-82,316","-87,016","4,700","91,972","23,894","196,194","314,696","-118,502","174,048","45,195","30,100","21,356","54,383","23,014",..........,"-82,116","-67,180","-14,936","3,457,079","2,902,397","554,682",,20.1,69.0,2.6,5.7,5.0,-2.4,100.0,84.0,16.0,,4.7,16.1,0.6,1.3,1.2,-0.6,23.3,19.6,3.7,
2011,,"705,554","2,414,739","101,233","372,504","485,653","597,349","730,811","101,933","628,878","127,189","161,932","12,174","45,473","-12,564","-13,372",808,"92,966","23,883","229,962","345,943","-115,981","179,345","45,685","29,466","20,662","56,056","27,476",..........,"-88,467","-73,368","-15,099","3,603,065","3,104,459","498,606",,19.6,67.0,4.5,6.4,5.0,-2.5,100.0,86.2,13.8,,4.6,15.7,1.1,1.5,1.2,-0.6,23.4,20.2,3.2,
2012,,"677,852","2,348,587","90,823","346,742","471,793","541,344","773,290","140,387","632,903","124,595","215,287","14,858","41,631","40,647","37,977","2,670","93,019","25,132","220,408","332,801","-112,393","167,965","36,802","29,060","17,791","56,277","28,035",..........,"-103,536","-87,944","-15,592","3,526,563","3,018,975","507,588",,19.2,66.6,6.1,6.2,4.8,-2.9,100.0,85.6,14.4,,4.2,14.6,1.3,1.4,1.0,-0.6,22.0,18.8,3.2,
2013,,"633,446","2,417,950","72,808","358,316","497,826","536,511","813,551","56,009","757,542","138,938","89,997","11,042","38,145","-83,198","-81,285","-1,913","91,673","32,335","220,885","326,535","-105,650","185,388","46,464","28,908","29,678","52,601","27,737",..........,"-92,785","-76,617","-16,168","3,454,881","2,821,070","633,811",,18.3,70.0,2.6,6.4,5.4,-2.7,100.0,81.7,18.3,,3.8,14.6,0.5,1.3,1.1,-0.6,20.8,17.0,3.8,
2014,,"603,457","2,525,545","90,615","409,449","511,688","513,644","850,533","25,946","824,587","149,616","59,165","5,270","36,171","-94,861","-92,330","-2,531","91,915","20,670","228,956","329,222","-100,266","177,205","46,879","28,570","24,386","50,457","26,913",..........,"-88,044","-72,307","-15,737","3,506,284","2,800,231","706,053",,17.2,72.0,1.7,6.5,5.1,-2.5,100.0,79.9,20.1,,3.5,14.6,0.3,1.3,1.0,-0.5,20.2,16.2,4.1,
2015,,"589,659","2,706,828","122,061","482,231","546,202","508,843","887,753","30,990","856,763","159,738","115,168","6,838","36,033","-37,905","-36,195","-1,710","89,533","20,669","223,181","319,149","-95,968","172,814","52,040","29,412","18,500","51,906","20,956",..........,"-115,803","-99,795","-16,008","3,691,847","2,948,770","743,077",,16.0,73.3,3.1,6.0,4.7,-3.1,100.0,79.9,20.1,,3.3,15.0,0.6,1.2,1.0,-0.6,20.4,16.3,4.1,
2016,,"593,372","2,820,292","109,737","511,297","594,536","514,139","916,067","32,522","883,545","174,516","121,430","3,719","39,082","-34,077","-32,716","-1,361","92,566","20,140","240,033","330,608","-90,575","172,736","45,306","30,174","18,342","55,768","23,146",..........,"-95,251","-78,315","-16,936","3,852,612","3,077,939","774,673",,15.4,73.2,3.2,6.2,4.5,-2.5,100.0,79.9,20.1,,3.2,15.2,0.7,1.3,0.9,-0.5,20.8,16.6,4.2,
2017,,"598,722","2,899,317","143,976","533,129","597,307","503,484","944,878","37,393","907,485","176,543","133,526","3,856","37,896","-26,685","-24,412","-2,273","93,552","24,907","262,551","349,063","-86,512","177,338","46,309","30,394","18,870","57,944","23,821",..........,"-89,826","-72,327","-17,499","3,981,628","3,180,427","801,201",,15.0,72.8,3.4,6.6,4.5,-2.3,100.0,79.9,20.1,,3.1,15.0,0.7,1.4,0.9,-0.5,20.7,16.5,4.2,
2018,,"631,161","2,897,403","95,516","551,216","588,706","495,318","987,791","35,752","952,039","178,856","166,783","2,169","39,140","-9,470","-8,005","-1,465","92,785","42,159","324,975","408,784","-83,809","186,589","48,972","31,534","21,787","60,418","23,878",..........,"-97,869","-79,676","-18,193","4,109,042","3,260,470","848,572",,15.4,70.5,4.1,7.9,4.5,-2.4,100.0,79.3,20.7,,3.1,14.3,0.8,1.6,0.9,-0.5,20.3,16.1,4.2,
2019 estimate,,"684,568","3,175,333","142,527","600,966","651,199","533,228","1,046,955","36,327","1,010,628","200,458","148,572","3,194","39,864","-26,394","-25,450",-944,"98,907","33,001","393,498","476,241","-82,743","224,158","54,337","33,816","38,068","71,780","26,834",-677,"-96,941","-78,901","-18,040","4,529,188","3,620,287","908,901",,15.1,70.1,3.3,8.7,4.9,-2.1,100.0,79.9,20.1,,3.2,14.9,0.7,1.8,1.1,-0.5,21.3,17.0,4.3,
2020 estimate,,"737,886","3,252,442","112,368","615,950","685,230","514,241","1,107,132","39,766","1,067,366","217,521","178,653","3,536","43,690","-5,126","-5,256",130,"100,889","35,664","478,812","560,431","-81,619","208,154","53,125","34,587","19,474","69,025","31,628",315,"-110,374","-92,180","-18,194","4,745,573","3,777,890","967,683",,15.5,68.5,3.8,10.1,4.4,-2.3,100.0,79.6,20.4,,3.3,14.5,0.8,2.1,0.9,-0.5,21.2,16.9,4.3,
2021 estimate,,"762,379","3,395,055","101,911","653,164","718,231","516,473","1,170,976","43,528","1,127,448","234,300","152,619","-5,022","42,895","-13,028","-13,756",728,"100,220","27,554","547,504","628,098","-80,594","189,469","49,796","34,332","18,259","71,473","31,038","-15,429","-101,825","-83,071","-18,754","4,945,201","3,916,373","1,028,828",,15.4,68.7,3.1,11.1,3.8,-2.1,100.0,79.2,20.8,,3.2,14.4,0.6,2.3,0.8,-0.4,21.0,16.6,4.4,
2022 estimate,,"770,030","3,570,939","99,557","635,548","807,156","536,123","1,239,508","47,421","1,192,087","253,047","145,337",378,"42,552","-12,862","-13,481",619,"87,382","27,887","609,883","687,923","-78,040","184,822","49,485","34,338","18,484","72,323","32,012","-21,820","-103,534","-84,070","-19,464","5,177,477","4,082,275","1,095,202",,14.9,69.0,2.8,11.8,3.6,-2.0,100.0,78.8,21.2,,3.1,14.4,0.6,2.5,0.7,-0.4,20.9,16.5,4.4,
2023 estimate,,"777,528","3,679,726","95,716","652,750","828,818","537,815","1,312,474","51,503","1,260,971","252,153","135,128","-1,046","40,835","-13,971","-14,519",548,"83,440","25,870","663,691","740,420","-76,729","175,809","46,363","33,686","17,472","73,708","32,322","-27,742","-101,797","-81,821","-19,976","5,330,085","4,165,271","1,164,814",,14.6,69.0,2.5,12.5,3.3,-1.9,100.0,78.1,21.9,,3.0,14.1,0.5,2.6,0.7,-0.4,20.5,16.0,4.5,
2024 estimate,,"784,944","3,782,658","93,022","665,892","846,867","537,271","1,389,854","55,929","1,333,925","249,752","132,628","-2,105","40,933","-11,499","-12,165",666,"82,823","22,476","701,694","776,448","-74,754","153,490","45,102","33,831","16,847","75,130","32,486","-49,906","-102,428","-81,919","-20,509","5,452,986","4,213,658","1,239,328",,14.4,69.4,2.4,12.9,2.8,-1.9,100.0,77.3,22.7,,2.9,13.8,0.5,2.6,0.6,-0.4,20.0,15.4,4.5,